{"cameraMode":{"drawMode":0,"name":"Shaded","section":"Shading Mode"},"sceneLighting":false,"audioPlay":false,"sceneViewState":{"showFog":false,"showMaterialUpdate":true,"showSkybox":true,"showFlares":true,"showImageEffects":true,"showParticleSystems":true},"in2DMode":false,"pivot":{"x":1182.6553955078125,"y":173.33926391601563,"z":0.0},"rotation":{"x":0.015647828578948976,"y":0.6540394425392151,"z":0.01353427767753601,"w":-0.756177544593811},"size":916.6513061523438,"orthographic":false}