{"cameraMode":{"drawMode":0,"name":"Shaded","section":"Shading Mode"},"sceneLighting":true,"audioPlay":false,"sceneViewState":{"showFog":false,"showMaterialUpdate":true,"showSkybox":true,"showFlares":true,"showImageEffects":true,"showParticleSystems":true},"in2DMode":false,"pivot":{"x":-828.2999877929688,"y":139.8000030517578,"z":974.0},"rotation":{"x":-0.16760365664958955,"y":0.7237882614135742,"z":-0.18891267478466035,"w":-0.6421461701393127},"size":20.005186080932618,"orthographic":false}